{
  "training_type": "curriculum_learning",
  "agent": "adaptive",
  "total_episodes": 20,
  "curriculum_progress": {
    "easy": [
      1.0,
      1.0,
      1.0,
      1.0,
      1.0
    ],
    "medium": [
      0.9725694444444445,
      0.9404166666666667,
      0.9545833333333333,
      0.9677083333333333,
      0.9718749999999999
    ],
    "hard": [
      0.19303571428571425,
      0.18245967741935482,
      0.18387931034482757,
      0.18694444444444447,
      0.16620967741935483,
      0.18386363636363634,
      0.19174999999999998,
      0.20319444444444446,
      0.20425000000000004,
      0.2028571428571429
    ]
  },
  "summary": {
    "easy": {
      "num_episodes": 5,
      "avg_score": 1.0,
      "std_score": 0.0,
      "min_score": 1.0,
      "max_score": 1.0,
      "avg_reward": 2.342,
      "avg_response_time": 0.0,
      "priority_handling_avg": 1.0,
      "resource_usage_avg": 0.7392888888888889
    },
    "medium": {
      "num_episodes": 5,
      "avg_score": 0.9614305555555556,
      "std_score": 0.012337258509525682,
      "min_score": 0.9404166666666667,
      "max_score": 0.9725694444444445,
      "avg_reward": 2.96,
      "avg_response_time": 0.0,
      "priority_handling_avg": 1.0,
      "resource_usage_avg": 0.9511111111111111
    },
    "hard": {
      "num_episodes": 10,
      "avg_score": 0.18984440475789194,
      "std_score": 0.011232934088983104,
      "min_score": 0.16620967741935483,
      "max_score": 0.20425000000000004,
      "avg_reward": -33.66499999999995,
      "avg_response_time": 0.0,
      "priority_handling_avg": 0.0,
      "resource_usage_avg": 1.0
    }
  }
}