{
  "task_difficulty": "hard",
  "agent_type": "qlearn",
  "num_episodes": 2,
  "episodes": [
    {
      "episode": 1,
      "reward": -36.64999999999994,
      "score": 0.1690441176470588,
      "steps": 100,
      "metrics": {
        "priority_handling": 0.0,
        "response_speed": 0.7791666666666667,
        "resource_usage": 1.0,
        "final_score": 0.1690441176470588
      }
    },
    {
      "episode": 2,
      "reward": -36.54999999999994,
      "score": 0.1978571428571429,
      "steps": 100,
      "metrics": {
        "priority_handling": 0.0,
        "response_speed": 0.85,
        "resource_usage": 1.0,
        "final_score": 0.1978571428571429
      }
    }
  ],
  "statistics": {
    "avg_score": 0.18345063025210084,
    "avg_reward": -36.59999999999994,
    "final_scores": [
      0.1690441176470588,
      0.1978571428571429
    ],
    "episode_rewards": [
      -36.64999999999994,
      -36.54999999999994
    ]
  }
}