{
  "task_difficulty": "hard",
  "agent_type": "heuristic",
  "num_episodes": 1,
  "episodes": [
    {
      "episode": 1,
      "reward": -35.79999999999994,
      "score": 0.1652941176470588,
      "steps": 100,
      "metrics": {
        "priority_handling": 0.0,
        "response_speed": 0.7666666666666666,
        "resource_usage": 1.0,
        "final_score": 0.1652941176470588
      }
    }
  ],
  "statistics": {
    "avg_score": 0.1652941176470588,
    "avg_reward": -35.79999999999994,
    "final_scores": [
      0.1652941176470588
    ],
    "episode_rewards": [
      -35.79999999999994
    ]
  }
}